head_top_x,head_top_y,upper_neck_x,upper_neck_y,right_shoulder_x,right_shoulder_y,right_elbow_x,right_elbow_y,right_wrist_x,right_wrist_y,thorax_x,thorax_y,left_shoulder_x,left_shoulder_y,left_elbow_x,left_elbow_y,left_wrist_x,left_wrist_y,pelvis_x,pelvis_y,right_hip_x,right_hip_y,right_knee_x,right_knee_y,right_ankle_x,right_ankle_y,left_hip_x,left_hip_y,left_knee_x,left_knee_y,left_ankle_x,left_ankle_y
0.39895833333333336,0.042708333333333334,0.459375,0.18854166666666666,0.39479166666666665,0.190625,0.396875,0.328125,0.403125,0.465625,0.4635416666666667,0.19895833333333332,0.528125,0.20729166666666668,0.5260416666666666,0.365625,0.471875,0.478125,0.5052083333333334,0.4427083333333333,0.46145833333333336,0.446875,0.47604166666666664,0.621875,0.43854166666666666,0.7822916666666667,0.5510416666666667,0.434375,0.590625,0.640625,0.5989583333333334,0.8322916666666667
